<?xml version="1.0" encoding="UTF-8"?>
<launch4jConfig>
  <dontWrapJar>false</dontWrapJar>
  <headerType>gui</headerType>
  <jar>C:\Users\Hirusha\OneDrive\Desktop\Adyapana_SMS\Adyapana_SMS.jar</jar>
  <outfile>C:\Users\Hirusha\OneDrive\Desktop\Adyapana_SMS\Adyapana_SMS.exe</outfile>
  <errTitle></errTitle>
  <cmdLine></cmdLine>
  <chdir>.</chdir>
  <priority>normal</priority>
  <downloadUrl></downloadUrl>
  <supportUrl></supportUrl>
  <stayAlive>false</stayAlive>
  <restartOnCrash>false</restartOnCrash>
  <manifest></manifest>
  <icon>C:\Users\Hirusha\OneDrive\Desktop\Adyapana_SMS\icon.ico</icon>
  <jre>
    <path>%JAVA_HOME%;%PATH%</path>
    <requiresJdk>true</requiresJdk>
    <requires64Bit>false</requires64Bit>
    <minVersion>1.8</minVersion>
    <maxVersion>17</maxVersion>
  </jre>
  <versionInfo>
    <fileVersion>1.0.0.0</fileVersion>
    <txtFileVersion>1.0.0.0</txtFileVersion>
    <fileDescription>Adyapana Institute Student Management System</fileDescription>
    <copyright>Nova Script Solutions</copyright>
    <productVersion>1.0.0.0</productVersion>
    <txtProductVersion>1.0.0.0</txtProductVersion>
    <productName>Adyapana SMS</productName>
    <companyName>Nova Script Solutions</companyName>
    <internalName>Adyapana_SMS</internalName>
    <originalFilename>Adyapana SMS.exe</originalFilename>
    <trademarks>Nova Script Solutions</trademarks>
    <language>ENGLISH_US</language>
  </versionInfo>
</launch4jConfig>